Workbook

Sheet 日通报
A1: 郑州移动PK赛日通报
A2: 序列 | B2: 分组 | C2: 分公司 | D2: 整体 | G2: 价值（55%） | O2: 规模（45%）
D3: 完成进度 | E3: 排名 | F3: 胜负 | G3: 家庭大颗粒 | H3: 完成进度 | I3: 大颗粒升档活动 | J3: 完成进度 | K3: 终端重合约 | L3: 完成进度 | M3: HDICT | N3: 完成进度 | O3: 中高端客户发展 | P3: 完成进度 | Q3: 客户新增 | R3: 完成进度 | S3: 宽带发展 | T3: 完成进度 | U3: 爱家亲情网（低消版） | V3: 完成进度
A4: 占比 | D4: 1 | G4: 0.15 | I4: 0.15 | K4: 0.15 | M4: 0.1 | O4: 0.15 | Q4: 0.15 | S4: 0.1 | U4: 0.05
A5: 城区 | B5: 第一组 | C5: 金水 | D5: 0.6011 | E5: 4 | F5: 胜 | G5: 52 | H5: 0.5532 | I5: 0 | J5: 0 | K5: 11 | L5: 0.117 | M5: 232 | N5: 0.4028 | O5: 4184 | P5: 2 | Q5: 0 | R5: 0 | S5: 225 | T5: 1.1029 | U5: 1808 | V5: 1
A6: 城区 | B6: 第一组 | C6: 中原 | D6: 0.5765 | E6: 7 | F6: 负 | G6: 28 | H6: 0.3415 | I6: 0 | J6: 0 | K6: 21 | L6: 0.2692 | M6: 318 | N6: 0.6557 | O6: 1622 | P6: 1.4908 | Q6: 0 | R6: 0 | S6: 252 | T6: 1.4566 | U6: 1786 | V6: 1
A7: 城区 | B7: 第二组 | C7: 二七 | D7: 0.4755 | E7: 10 | F7: 负 | G7: 23 | H7: 0.377 | I7: 0 | J7: 0 | K7: 56.5 | L7: 0.9417 | M7: 227 | N7: 0.6168 | O7: 244 | P7: 0.2585 | Q7: 0 | R7: 0 | S7: 168 | T7: 1.2727 | U7: 1452 | V7: 1
A8: 城区 | B8: 第二组 | C8: 管城 | D8: 0.569 | E8: 8 | F8: 胜 | G8: 12 | H8: 0.2 | I8: 0 | J8: 0 | K8: 10 | L8: 0.1818 | M8: 76 | N8: 0.2222 | O8: 3729 | P8: 2 | Q8: 0 | R8: 0 | S8: 173 | T8: 1.3952 | U8: 270 | V8: 1
A9: 城区 | B9: 第三组 | C9: 郑东 | D9: 0.4733 | E9: 11 | F9: 胜 | G9: 18 | H9: 0.5 | I9: 0 | J9: 0 | K9: 29 | L9: 0.7073 | M9: 212 | N9: 0.876 | O9: 35 | P9: 0.0545 | Q9: 0 | R9: 0 | S9: 123 | T9: 1.4643 | U9: 404 | V9: 1
A10: 城区 | B10: 第三组 | C10: 惠济 | D10: 0.4494 | E10: 13 | F10: 负 | G10: 15 | H10: 0.4839 | I10: 0 | J10: 0 | K10: 10 | L10: 0.3226 | M10: 259 | N10: 1 | O10: 185 | P10: 0.4205 | Q10: 0 | R10: 0 | S10: 75 | T10: 1.1538 | U10: 195 | V10: 1
A11: 县区 | B11: 第四组 | C11: 新郑 | D11: 0.5871 | E11: 6 | F11: 负 | G11: 20 | H11: 0.3448 | I11: 0 | J11: 0 | K11: 13 | L11: 0.2241 | M11: 191.5 | N11: 0.5425 | O11: 2125 | P11: 2 | Q11: 0 | R11: 0 | S11: 118 | T11: 0.9752 | U11: 282 | V11: 1
A12: 县区 | B12: 第四组 | C12: 中牟 | D12: 0.6454 | E12: 1 | F12: 胜 | G12: 35 | H12: 0.625 | I12: 0 | J12: 0 | K12: 14 | L12: 0.2642 | M12: 91.5 | N12: 0.2798 | O12: 1854 | P12: 2 | Q12: 0 | R12: 0 | S12: 180 | T12: 1.6216 | U12: 93 | V12: 0.4366
A13: 县区 | B13: 第五组 | C13: 新密 | D13: 0.551 | E13: 9 | F13: 负 | G13: 33 | H13: 0.7174 | I13: 0 | J13: 0 | K13: 36 | L13: 0.9 | M13: 116 | N13: 0.4659 | O13: 575 | P13: 0.8833 | Q13: 0 | R13: 0 | S13: 83 | T13: 1 | U13: 105 | V13: 0.5866
A14: 县区 | B14: 第五组 | C14: 荥阳 | D14: 0.6425 | E14: 2 | F14: 胜 | G14: 23 | H14: 0.5897 | I14: 0 | J14: 0 | K14: 16.5 | L14: 0.4714 | M14: 53 | N14: 0.242 | O14: 1167 | P14: 2 | Q14: 0 | R14: 0 | S14: 84 | T14: 1.0909 | U14: 1133 | V14: 1
A15: 县区 | B15: 第六组 | C15: 港区 | D15: 0.4063 | E15: 14 | F15: 负 | G15: 12 | H15: 0.3636 | I15: 0 | J15: 0 | K15: 13 | L15: 0.4194 | M15: 91 | N15: 0.4764 | O15: 233 | P15: 0.5087 | Q15: 0 | R15: 0 | S15: 77 | T15: 1.1493 | U15: 2046 | V15: 1
A16: 县区 | B16: 第六组 | C16: 巩义 | D16: 0.6268 | E16: 3 | F16: 胜 | G16: 14 | H16: 0.3889 | I16: 0 | J16: 0 | K16: 18 | L16: 0.5143 | M16: 73.5 | N16: 0.3403 | O16: 760 | P16: 1.3818 | Q16: 0 | R16: 0 | S16: 177 | T16: 2 | U16: 470 | V16: 1
... A18: 县区 | B18: 第七组 | C18: 上街 | D18: 0.4591 | E18: 12 | F18: 负 | G18: 6 | H18: 0.5455 | I18: 0 | J18: 0 | K18: 3 | L18: 0.3 | M18: 79 | N18: 1 | O18: 65 | P18: 0.4577 | Q18: 0 | R18: 0 | S18: 25 | T18: 1.1364 | U18: 45 | V18: 1
C19: 线上 | G19: 3 | I19: 0 | K19: 0.5 | M19: 74.5 | O19: 0 | Q19: 0 | S19: 0 | U19: 0
A20: 郑州 | B20: 郑州 | C20: 郑州 | D20: 0.6292 | G20: 308 | H20: 0.4549 | I20: 0 | J20: 0 | K20: 263 | L20: 0.4046 | M20: 2306 | N20: 0.5765 | O20: 17175 | P20: 1.7175 | Q20: 0 | R20: 0 | S20: 1890 | T20: 1.35 | U20: 10144 | V20: 1

Sheet 日累计通报
A1: 郑州移动PK赛日累计通报
A2: 序列 | B2: 分组 | C2: 分公司 | D2: 整体 | G2: 价值（55%） | O2: 规模（45%）
D3: 完成进度 | E3: 排名 | F3: 胜负 | G3: 家庭大颗粒 | H3: 完成进度 | I3: 大颗粒升档活动 | J3: 完成进度 | K3: 终端重合约 | L3: 完成进度 | M3: HDICT | N3: 完成进度 | O3: 中高端客户发展 | P3: 完成进度 | Q3: 客户新增 | R3: 完成进度 | S3: 宽带发展 | T3: 完成进度 | U3: 爱家亲情网（低消版） | V3: 完成进度
A4: 占比 | D4: 1 | G4: 0.15 | I4: 0.15 | K4: 0.15 | M4: 0.1 | O4: 0.15 | Q4: 0.15 | S4: 0.1 | U4: 0.05
A5: 城区 | B5: 第一组 | C5: 金水 | D5: 0.8413 | E5: 4 | F5: 胜 | G5: 1454 | H5: 0.7366 | I5: 1222 | J5: 1.2931 | K5: 1235 | L5: 0.6256 | M5: 8382.5 | N5: 0.693 | O5: 22540 | P5: 0.7189 | Q5: 15087 | R5: 0.786 | S5: 4196 | T5: 0.9795 | U5: 7060 | V5: 1
A6: 城区 | B6: 第一组 | C6: 中原 | D6: 0.7576 | E6: 12 | F6: 负 | G6: 1345 | H6: 0.7811 | I6: 678 | J6: 0.8278 | K6: 656.5 | L6: 0.4008 | M6: 10161 | N6: 0.9976 | O6: 13821 | P6: 0.6049 | Q6: 11216 | R6: 0.6803 | S6: 4128 | T6: 1.1363 | U6: 7170 | V6: 1
A7: 城区 | B7: 第二组 | C7: 二七 | D7: 0.7398 | E7: 13 | F7: 负 | G7: 895 | H7: 0.6987 | I7: 821 | J7: 1.3032 | K7: 459 | L7: 0.3643 | M7: 5868 | N7: 0.7593 | O7: 8393 | P7: 0.4234 | Q7: 9219 | R7: 0.7028 | S7: 2593 | T7: 0.9354 | U7: 4779 | V7: 0.9289
A8: 城区 | B8: 第二组 | C8: 管城 | D8: 0.8448 | E8: 3 | F8: 胜 | G8: 728 | H8: 0.5778 | I8: 1309 | J8: 2 | K8: 439 | L8: 0.3801 | M8: 4078 | N8: 0.5678 | O8: 10856 | P8: 0.6075 | Q8: 6776 | R8: 0.6947 | S8: 3042 | T8: 1.1682 | U8: 3271 | V8: 0.6436
A9: 城区 | B9: 第三组 | C9: 郑东 | D9: 0.76 | E9: 11 | F9: 负 | G9: 456 | H9: 0.6032 | I9: 326 | J9: 0.9132 | K9: 613 | L9: 0.712 | M9: 3668.5 | N9: 0.7219 | O9: 4649 | P9: 0.3448 | Q9: 11313 | R9: 1.1217 | S9: 1720 | T9: 0.9751 | U9: 2330 | V9: 0.7205
A10: 城区 | B10: 第三组 | C10: 惠济 | D10: 0.8874 | E10: 1 | F10: 胜 | G10: 512 | H10: 0.7865 | I10: 558 | J10: 1.898 | K10: 422 | L10: 0.6482 | M10: 3005.5 | N10: 0.7454 | O10: 1898 | P10: 0.2054 | Q10: 8398 | R10: 0.9835 | S10: 1326 | T10: 0.9714 | U10: 1841 | V10: 0.7493
A11: 县区 | B11: 第四组 | C11: 新郑 | D11: 0.7647 | E11: 9 | F11: 负 | G11: 561 | H11: 0.4606 | I11: 800 | J11: 1.5238 | K11: 387 | L11: 0.3177 | M11: 6080 | N11: 0.8202 | O11: 19330 | P11: 0.9628 | Q11: 9181 | R11: 0.4651 | S11: 2318 | T11: 0.9122 | U11: 3328 | V11: 0.639
A12: 县区 | B12: 第四组 | C12: 中牟 | D12: 0.7668 | E12: 8 | F12: 胜 | G12: 593 | H12: 0.5043 | I12: 614 | J12: 1.329 | K12: 338.5 | L12: 0.3041 | M12: 4726.5 | N12: 0.6883 | O12: 17255 | P12: 0.9327 | Q12: 9620 | R12: 0.7028 | S12: 2433 | T12: 1.0438 | U12: 2477 | V12: 0.5538
A13: 县区 | B13: 第五组 | C13: 新密 | D13: 0.6888 | E13: 14 | F13: 负 | G13: 631 | H13: 0.6532 | I13: 367 | J13: 1.028 | K13: 311 | L13: 0.3702 | M13: 2581 | N13: 0.4936 | O13: 14613 | P13: 1.0689 | Q13: 2951 | R13: 0.3663 | S13: 1475 | T13: 0.8462 | U13: 2392 | V13: 0.6363
A14: 县区 | B14: 第五组 | C14: 荥阳 | D14: 0.7691 | E14: 7 | F14: 胜 | G14: 571 | H14: 0.6972 | I14: 428 | J14: 1.2738 | K14: 350 | L14: 0.4762 | M14: 3027.5 | N14: 0.6583 | O14: 8555 | P14: 0.8197 | Q14: 3964 | R14: 0.5064 | S14: 1412 | T14: 0.8732 | U14: 2651 | V14: 1
A15: 县区 | B15: 第六组 | C15: 港区 | D15: 0.7628 | E15: 10 | F15: 负 | G15: 409 | H15: 0.5902 | I15: 435 | J15: 1.5934 | K15: 279 | L15: 0.4286 | M15: 2206 | N15: 0.55 | O15: 5651 | P15: 0.5875 | Q15: 2740 | R15: 0.4467 | S15: 1559 | T15: 1.108 | U15: 4241 | V15: 1
A16: 县区 | B16: 第六组 | C16: 巩义 | D16: 0.8144 | E16: 5 | F16: 胜 | G16: 393 | H16: 0.5198 | I16: 587 | J16: 1.747 | K16: 210.5 | L16: 0.2864 | M16: 2726.5 | N16: 0.6011 | O16: 11974 | P16: 1.0367 | Q16: 4590 | R16: 0.5406 | S16: 1523 | T16: 0.9801 | U16: 1774 | V16: 0.7346
... A18: 县区 | B18: 第七组 | C18: 上街 | D18: 0.788 | E18: 6 | F18: 负 | G18: 125 | H18: 0.5411 | I18: 106 | J18: 1.0095 | K18: 75 | L18: 0.3571 | M18: 967.5 | N18: 0.7431 | O18: 3804 | P18: 1.2757 | Q18: 1194 | R18: 0.6412 | S18: 416 | T18: 0.9004 | U18: 1036 | V18: 1
C19: 线上 | G19: 52 | I19: 0 | K19: 0.5 | M19: 2096.5 | O19: 0 | Q19: 160 | S19: 0 | U19: 0
A20: 郑州 | B20: 郑州 | C20: 郑州 | D20: 0.7992 | G20: 9129 | H20: 0.6421 | I20: 8806 | J20: 1.3978 | K20: 6059.5 | L20: 0.4439 | M20: 61661 | N20: 0.7341 | O20: 151618 | P20: 0.722 | Q20: 99974 | R20: 0.6763 | S20: 29414 | T20: 1.0005 | U20: 45610 | V20: 0.8688

Sheet 通报
A1: 郑州移动PK赛日通报
A2: 序列 | B2: 分组 | C2: 分公司 | D2: 整体 | G2: 价值（55%） | O2: 规模（45%）
D3: 完成进度 | E3: 排名 | F3: 胜负 | G3: 家庭大颗粒 | H3: 完成进度 | I3: 大颗粒升档活动 | J3: 完成进度 | K3: 终端重合约 | L3: 完成进度 | M3: HDICT | N3: 完成进度 | O3: 中高端客户发展 | P3: 完成进度 | Q3: 客户新增 | R3: 完成进度 | S3: 宽带发展 | T3: 完成进度 | U3: 爱家亲情网（低消版） | V3: 完成进度
A4: 占比 | D4: 1 | G4: 0.15 | I4: 0.15 | K4: 0.15 | M4: 0.1 | O4: 0.15 | Q4: 0.15 | S4: 0.1 | U4: 0.05
A5: =日累计通报!A5 -> 城区 | B5: =日累计通报!B5 -> 第一组 | C5: =日累计通报!C5 -> 金水 | D5: =日累计通报!D5 -> 0.8413 | E5: =日累计通报!E5 -> 4 | F5: =日累计通报!F5 -> 胜 | G5: =日累计通报!G5 -> 1454 | H5: =日累计通报!H5 -> 0.7366 | ... V5: =日累计通报!V5 -> 1
A6: =日累计通报!A6 -> 城区 | B6: =日累计通报!B6 -> 第一组 | C6: =日累计通报!C6 -> 中原 | D6: =日累计通报!D6 -> 0.7576 | E6: =日累计通报!E6 -> 12 | F6: =日累计通报!F6 -> 负 | G6: =日累计通报!G6 -> 1345 | H6: =日累计通报!H6 -> 0.7811 | ... V6: =日累计通报!V6 -> 1
A7: =日累计通报!A7 -> 城区 | B7: =日累计通报!B7 -> 第二组 | C7: =日累计通报!C7 -> 二七 | D7: =日累计通报!D7 -> 0.7398 | E7: =日累计通报!E7 -> 13 | F7: =日累计通报!F7 -> 负 | G7: =日累计通报!G7 -> 895 | H7: =日累计通报!H7 -> 0.6987 | ... V7: =日累计通报!V7 -> 0.9289
A8: =日累计通报!A8 -> 城区 | B8: =日累计通报!B8 -> 第二组 | C8: =日累计通报!C8 -> 管城 | D8: =日累计通报!D8 -> 0.8448 | E8: =日累计通报!E8 -> 3 | F8: =日累计通报!F8 -> 胜 | G8: =日累计通报!G8 -> 728 | H8: =日累计通报!H8 -> 0.5778 | ... V8: =日累计通报!V8 -> 0.6436
A9: =日累计通报!A9 -> 城区 | B9: =日累计通报!B9 -> 第三组 | C9: =日累计通报!C9 -> 郑东 | D9: =日累计通报!D9 -> 0.76 | E9: =日累计通报!E9 -> 11 | F9: =日累计通报!F9 -> 负 | G9: =日累计通报!G9 -> 456 | H9: =日累计通报!H9 -> 0.6032 | ... V9: =日累计通报!V9 -> 0.7205
A10: =日累计通报!A10 -> 城区 | B10: =日累计通报!B10 -> 第三组 | C10: =日累计通报!C10 -> 惠济 | D10: =日累计通报!D10 -> 0.8874 | E10: =日累计通报!E10 -> 1 | F10: =日累计通报!F10 -> 胜 | G10: =日累计通报!G10 -> 512 | H10: =日累计通报!H10 -> 0.7865 | ... V10: =日累计通报!V10 -> 0.7493
A11: =日累计通报!A11 -> 县区 | B11: =日累计通报!B11 -> 第四组 | C11: =日累计通报!C11 -> 新郑 | D11: =日累计通报!D11 -> 0.7647 | E11: =日累计通报!E11 -> 9 | F11: =日累计通报!F11 -> 负 | G11: =日累计通报!G11 -> 561 | H11: =日累计通报!H11 -> 0.4606 | ... V11: =日累计通报!V11 -> 0.639
A12: =日累计通报!A12 -> 县区 | B12: =日累计通报!B12 -> 第四组 | C12: =日累计通报!C12 -> 中牟 | D12: =日累计通报!D12 -> 0.7668 | E12: =日累计通报!E12 -> 8 | F12: =日累计通报!F12 -> 胜 | G12: =日累计通报!G12 -> 593 | H12: =日累计通报!H12 -> 0.5043 | ... V12: =日累计通报!V12 -> 0.5538
A13: =日累计通报!A13 -> 县区 | B13: =日累计通报!B13 -> 第五组 | C13: =日累计通报!C13 -> 新密 | D13: =日累计通报!D13 -> 0.6888 | E13: =日累计通报!E13 -> 14 | F13: =日累计通报!F13 -> 负 | G13: =日累计通报!G13 -> 631 | H13: =日累计通报!H13 -> 0.6532 | ... V13: =日累计通报!V13 -> 0.6363
A14: =日累计通报!A14 -> 县区 | B14: =日累计通报!B14 -> 第五组 | C14: =日累计通报!C14 -> 荥阳 | D14: =日累计通报!D14 -> 0.7691 | E14: =日累计通报!E14 -> 7 | F14: =日累计通报!F14 -> 胜 | G14: =日累计通报!G14 -> 571 | H14: =日累计通报!H14 -> 0.6972 | ... V14: =日累计通报!V14 -> 1
A15: =日累计通报!A15 -> 县区 | B15: =日累计通报!B15 -> 第六组 | C15: =日累计通报!C15 -> 港区 | D15: =日累计通报!D15 -> 0.7628 | E15: =日累计通报!E15 -> 10 | F15: =日累计通报!F15 -> 负 | G15: =日累计通报!G15 -> 409 | H15: =日累计通报!H15 -> 0.5902 | ... V15: =日累计通报!V15 -> 1
A16: =日累计通报!A16 -> 县区 | B16: =日累计通报!B16 -> 第六组 | C16: =日累计通报!C16 -> 巩义 | D16: =日累计通报!D16 -> 0.8144 | E16: =日累计通报!E16 -> 5 | F16: =日累计通报!F16 -> 胜 | G16: =日累计通报!G16 -> 393 | H16: =日累计通报!H16 -> 0.5198 | ... V16: =日累计通报!V16 -> 0.7346
... A20: =日累计通报!A20 -> 郑州 | B20: =日累计通报!B20 -> 郑州 | C20: =日累计通报!C20 -> 郑州 | D20: =日累计通报!D20 -> 0.7992 | E20: =日累计通报!E20 | F20: =日累计通报!F20 | G20: =日累计通报!G20 -> 9129 | H20: =日累计通报!H20 -> 0.6421 | ... V20: =日累计通报!V20 -> 0.8688

Sheet 通报语句
A1: =通报!V20 -> 0.8688
